nombre,lat,lng,flujo_hora,velocidad_promedio,congestion,fecha
Aforo 1,-34.914709,-57.842625,967,44,Crítico,2025-07-20
Aforo 2,-35.010246,-57.934659,1084,45,Alto,2025-06-13
Aforo 3,-34.898609,-57.909475,1323,18,Bajo,2025-10-15
Aforo 4,-35.000127,-57.901682,1520,46,Crítico,2025-07-26
Aforo 5,-34.857339,-57.846498,256,39,Alto,2024-10-03
Aforo 6,-34.924287,-57.819854,1579,30,Medio,2026-03-01
Aforo 7,-34.933712,-57.822328,964,32,Medio,2025-05-08
Aforo 8,-34.901797,-57.865650,1209,49,Medio,2024-10-29
Aforo 9,-35.052031,-58.044636,1888,47,Medio,2024-07-26
Aforo 10,-35.000701,-57.851284,1511,48,Alto,2025-03-20
Aforo 11,-34.903009,-57.806501,1057,55,Crítico,2024-03-14
Aforo 12,-34.817071,-57.848734,265,32,Crítico,2024-01-22
Aforo 13,-34.864070,-58.053951,1918,45,Medio,2024-03-30
Aforo 14,-34.833883,-57.918976,1210,48,Bajo,2024-10-29
Aforo 15,-34.900609,-58.078845,2000,23,Medio,2025-04-20
Aforo 16,-34.908723,-57.838030,970,34,Crítico,2026-05-07
Aforo 17,-34.804096,-57.948767,1999,37,Medio,2024-02-13
Aforo 18,-34.966371,-57.941566,1758,23,Medio,2025-11-26
Aforo 19,-35.064984,-58.052953,1394,40,Bajo,2025-02-28
Aforo 20,-34.985753,-58.040901,1264,48,Crítico,2025-07-14
Aforo 21,-35.026871,-57.866913,1250,24,Crítico,2024-08-08
Aforo 22,-34.924874,-58.030703,1364,49,Alto,2025-08-19
Aforo 23,-34.836745,-57.886146,230,51,Crítico,2026-03-01
Aforo 24,-34.930948,-57.900814,1979,45,Crítico,2024-08-16
Aforo 25,-34.889564,-57.857896,341,26,Medio,2024-08-02
Aforo 26,-34.887300,-58.090680,841,22,Medio,2026-04-11
Aforo 27,-34.802827,-58.055735,362,37,Crítico,2026-01-03
Aforo 28,-34.924623,-57.998039,1931,55,Medio,2025-09-26
Aforo 29,-34.941145,-57.907346,1974,56,Medio,2025-09-23
Aforo 30,-34.999217,-57.943778,150,45,Alto,2024-05-20
Aforo 31,-34.961244,-57.929504,657,51,Crítico,2025-12-24
Aforo 32,-34.806898,-57.854383,1163,16,Crítico,2024-02-25
Aforo 33,-34.875462,-57.828455,1963,29,Medio,2024-03-01
Aforo 34,-34.868494,-57.986569,1352,38,Bajo,2024-10-29
Aforo 35,-34.942617,-57.974275,949,28,Alto,2025-11-27
Aforo 36,-34.998428,-57.998554,1872,54,Medio,2024-06-08
Aforo 37,-34.984570,-58.073154,1019,39,Bajo,2024-09-20
Aforo 38,-34.974820,-57.910877,488,40,Bajo,2024-04-07
Aforo 39,-35.039300,-58.046297,1373,18,Crítico,2026-02-01
Aforo 40,-35.013528,-57.881278,979,50,Crítico,2024-03-07
Aforo 41,-35.033919,-58.012783,1041,22,Crítico,2024-06-05
Aforo 42,-34.820093,-58.088019,482,18,Medio,2024-01-07
Aforo 43,-35.049125,-57.908596,447,26,Medio,2025-05-30
Aforo 44,-34.956333,-57.851320,959,34,Bajo,2025-09-25
Aforo 45,-35.004579,-57.960583,1913,18,Medio,2024-11-14
Aforo 46,-34.887957,-57.931014,508,30,Bajo,2024-11-12
Aforo 47,-34.807139,-57.886999,1542,17,Alto,2024-09-01
Aforo 48,-35.066270,-58.095673,1555,33,Medio,2026-03-04
Aforo 49,-35.008670,-57.823025,1147,37,Crítico,2025-11-28
Aforo 50,-34.942546,-58.081865,1561,44,Medio,2024-05-26
Aforo 51,-34.774172,-58.055689,1222,47,Alto,2024-01-12
Aforo 52,-35.062023,-58.021711,1480,29,Crítico,2025-05-26
Aforo 53,-35.019744,-57.815358,588,60,Medio,2025-02-21
Aforo 54,-34.877252,-58.086162,846,45,Alto,2024-09-20
Aforo 55,-35.031564,-57.987914,1051,16,Medio,2025-12-12
Aforo 56,-34.930475,-58.005802,674,16,Crítico,2024-07-27
Aforo 57,-35.002995,-58.002611,1422,37,Bajo,2025-08-22
Aforo 58,-34.878910,-58.021164,626,41,Bajo,2024-09-23
Aforo 59,-34.828422,-58.034973,1360,50,Medio,2024-10-20
Aforo 60,-34.982113,-58.011763,124,59,Alto,2025-05-02
Aforo 61,-35.029802,-58.027472,1770,24,Crítico,2024-12-06
Aforo 62,-34.808986,-58.103270,336,24,Medio,2025-04-28
Aforo 63,-34.979352,-57.973170,164,39,Alto,2025-08-30
Aforo 64,-34.991434,-57.937249,1369,27,Crítico,2025-08-30
Aforo 65,-34.873945,-57.939266,792,30,Alto,2025-05-19
Aforo 66,-35.010074,-58.099196,577,53,Medio,2025-07-09
Aforo 67,-35.032339,-57.845152,1186,59,Alto,2024-12-17
Aforo 68,-35.026380,-57.943525,1465,56,Bajo,2024-04-16
Aforo 69,-35.051968,-57.892839,285,48,Alto,2025-12-03
Aforo 70,-34.974060,-57.949736,1547,55,Bajo,2024-12-13
Aforo 71,-34.822774,-57.996491,1913,57,Crítico,2025-03-17
Aforo 72,-35.019511,-57.978404,1707,22,Crítico,2026-02-16
Aforo 73,-35.040787,-58.037876,1492,37,Alto,2024-06-19
Aforo 74,-34.809661,-57.908555,1335,44,Medio,2025-02-10
Aforo 75,-35.003551,-57.953128,1457,46,Medio,2024-11-24
Aforo 76,-35.008588,-57.875745,389,20,Bajo,2024-01-25
Aforo 77,-35.029268,-58.064655,1140,22,Crítico,2026-04-28
Aforo 78,-34.826512,-57.884939,859,56,Alto,2025-06-13
Aforo 79,-34.968887,-58.017360,338,24,Alto,2026-04-20
Aforo 80,-35.044335,-58.015605,1453,40,Crítico,2024-09-12
Aforo 81,-35.031031,-58.040543,876,21,Medio,2024-03-06
Aforo 82,-34.837266,-57.904682,1197,35,Bajo,2024-01-17
Aforo 83,-34.911784,-57.883856,1832,46,Bajo,2025-08-31
Aforo 84,-34.953096,-57.917286,368,48,Bajo,2025-04-10
Aforo 85,-34.841643,-57.914644,598,52,Bajo,2024-02-28
Aforo 86,-34.833756,-58.044475,585,42,Bajo,2024-02-10
Aforo 87,-34.848297,-57.986267,1042,40,Alto,2024-06-17
Aforo 88,-34.812712,-57.928106,119,33,Medio,2026-04-21
Aforo 89,-34.979699,-57.972928,651,58,Alto,2025-10-13
Aforo 90,-34.899296,-57.971183,817,35,Alto,2024-12-07
Aforo 91,-34.987514,-57.948501,1310,45,Alto,2025-04-19
Aforo 92,-35.017748,-58.055944,555,60,Bajo,2025-04-18
Aforo 93,-35.062780,-57.951438,139,25,Medio,2025-10-09
Aforo 94,-34.843559,-57.941359,1293,31,Bajo,2025-11-17
Aforo 95,-34.815892,-57.839651,1282,48,Medio,2026-02-26
Aforo 96,-35.025119,-57.949075,1137,57,Bajo,2025-11-17
Aforo 97,-34.895576,-58.102892,241,16,Crítico,2025-05-04
Aforo 98,-35.033237,-57.941945,145,59,Bajo,2024-03-29
Aforo 99,-34.816684,-58.045835,1837,42,Bajo,2025-03-16
Aforo 100,-34.864252,-58.063738,1002,40,Medio,2024-03-27
Aforo 101,-34.879040,-57.817542,1451,57,Alto,2025-08-06
Aforo 102,-34.915823,-57.886313,1402,23,Bajo,2024-06-26
Aforo 103,-34.837597,-58.004567,899,18,Alto,2026-03-19
Aforo 104,-35.008737,-58.033993,1946,30,Alto,2025-02-13
Aforo 105,-34.946163,-57.998915,129,58,Alto,2025-09-29
Aforo 106,-35.053222,-58.096005,180,44,Alto,2024-08-09
Aforo 107,-34.969471,-58.097462,1805,49,Alto,2024-05-21
Aforo 108,-34.895951,-57.812615,805,20,Medio,2024-09-03
Aforo 109,-34.849420,-58.001412,1621,17,Alto,2024-09-18
Aforo 110,-35.023473,-57.985390,1958,46,Medio,2024-06-13
Aforo 111,-34.809520,-57.858130,1537,41,Medio,2026-01-16
Aforo 112,-35.011366,-57.879012,1945,43,Alto,2024-07-09
Aforo 113,-34.975551,-57.850040,774,28,Bajo,2025-11-23
Aforo 114,-34.943604,-57.942966,1113,22,Medio,2026-02-23
Aforo 115,-34.932193,-57.906163,1621,28,Bajo,2024-12-30
Aforo 116,-35.053719,-57.931818,277,17,Medio,2026-01-03
Aforo 117,-34.787479,-57.806354,412,38,Medio,2024-12-24
Aforo 118,-34.916703,-58.035844,492,41,Alto,2025-07-09
Aforo 119,-34.818395,-57.903183,895,25,Alto,2026-03-06
Aforo 120,-34.893292,-57.852702,381,58,Alto,2026-04-26
Aforo 121,-34.933006,-57.884561,1233,49,Bajo,2025-06-19
Aforo 122,-34.815902,-58.085653,1995,53,Alto,2025-04-09
Aforo 123,-34.938903,-57.985505,1965,49,Crítico,2025-12-19
Aforo 124,-34.828384,-57.896087,187,45,Crítico,2024-12-03
Aforo 125,-34.961965,-58.103329,679,56,Alto,2025-10-16
Aforo 126,-34.776648,-57.917599,863,27,Crítico,2026-03-08
Aforo 127,-34.855431,-57.902686,424,28,Medio,2025-10-21
Aforo 128,-34.957306,-58.060810,325,43,Medio,2025-05-12
Aforo 129,-34.956870,-57.913195,1112,29,Medio,2025-08-16
Aforo 130,-34.995099,-58.041375,110,57,Alto,2025-02-22
Aforo 131,-34.880691,-57.957820,264,30,Medio,2025-01-18
Aforo 132,-34.772730,-58.014854,888,46,Crítico,2024-01-13
Aforo 133,-35.050016,-58.061836,1742,39,Bajo,2024-03-04
Aforo 134,-34.885608,-58.025118,568,41,Medio,2025-11-11
Aforo 135,-34.886952,-57.950075,266,50,Crítico,2024-10-06
Aforo 136,-35.002608,-57.841907,1082,58,Medio,2024-03-09
Aforo 137,-34.916000,-57.900745,1597,18,Crítico,2026-04-10
Aforo 138,-34.919977,-57.977281,745,57,Crítico,2024-10-27
Aforo 139,-34.942125,-57.807985,1024,33,Medio,2024-07-27
Aforo 140,-35.063891,-57.995157,1256,30,Bajo,2024-02-25
Aforo 141,-34.926247,-58.034502,185,26,Crítico,2026-04-05
Aforo 142,-34.967830,-57.864420,1823,43,Alto,2025-12-25
Aforo 143,-35.053090,-58.078854,663,34,Alto,2024-04-27
Aforo 144,-34.991560,-57.888325,1887,23,Bajo,2024-12-01
Aforo 145,-35.044837,-57.984470,855,49,Alto,2025-03-11
Aforo 146,-34.860062,-57.858050,499,33,Crítico,2025-01-10
Aforo 147,-34.855846,-57.908870,1020,37,Alto,2025-03-14
Aforo 148,-34.812647,-57.849572,1935,53,Medio,2025-07-11
Aforo 149,-34.806060,-58.022530,672,18,Medio,2026-03-13
Aforo 150,-34.989187,-57.946630,1612,54,Alto,2026-03-08
Aforo 151,-35.042423,-57.872616,1054,59,Bajo,2024-02-23
Aforo 152,-35.048698,-58.005863,1128,24,Crítico,2025-10-30
Aforo 153,-34.831991,-58.101327,1298,43,Bajo,2024-05-18
Aforo 154,-34.839824,-57.939227,1486,51,Alto,2024-08-22
Aforo 155,-34.849816,-57.824944,1815,50,Bajo,2024-11-15
Aforo 156,-35.033726,-57.950732,1759,49,Crítico,2024-02-29
Aforo 157,-34.925609,-58.040417,1868,59,Alto,2024-01-12
Aforo 158,-34.900693,-57.864955,392,20,Crítico,2024-01-26
Aforo 159,-34.862050,-57.881625,320,38,Crítico,2024-05-08
Aforo 160,-34.949597,-57.861582,434,33,Medio,2025-10-30
Aforo 161,-34.973199,-58.069937,99,57,Bajo,2025-12-19
Aforo 162,-34.900772,-57.994832,1762,50,Bajo,2025-06-23
Aforo 163,-34.783918,-58.083980,814,15,Crítico,2024-02-15
Aforo 164,-35.057035,-57.967846,50,23,Crítico,2025-02-03
Aforo 165,-34.867493,-57.814916,1722,40,Medio,2024-10-17
Aforo 166,-35.058886,-57.934201,992,42,Crítico,2024-12-12
Aforo 167,-35.023400,-58.042523,722,50,Crítico,2024-04-28
Aforo 168,-34.773136,-57.877556,477,43,Bajo,2025-03-31
Aforo 169,-34.919816,-57.810987,1541,54,Crítico,2024-03-22
Aforo 170,-34.914014,-57.833190,314,25,Medio,2025-05-15
Aforo 171,-35.023549,-57.914674,1707,38,Crítico,2025-10-16
Aforo 172,-34.792711,-57.826528,156,17,Medio,2025-12-18
Aforo 173,-35.057227,-58.076202,1888,31,Alto,2024-12-08
Aforo 174,-34.865749,-57.814676,1577,24,Medio,2025-10-08
Aforo 175,-34.831958,-58.078814,1694,41,Alto,2026-03-06
Aforo 176,-34.912873,-58.074026,595,40,Crítico,2025-01-18
Aforo 177,-34.866645,-57.957246,1979,45,Crítico,2026-03-05
Aforo 178,-34.872103,-58.095324,1752,26,Crítico,2024-05-04
Aforo 179,-34.913929,-57.856404,496,34,Bajo,2025-01-10
Aforo 180,-34.952341,-58.087750,575,50,Bajo,2026-01-31
Aforo 181,-34.961177,-58.031108,995,21,Crítico,2024-09-13
Aforo 182,-35.023807,-57.844958,1400,40,Crítico,2026-03-22
Aforo 183,-34.898763,-58.102267,1871,26,Bajo,2025-08-26
Aforo 184,-34.804775,-58.012845,1726,45,Alto,2025-10-24
Aforo 185,-34.816804,-57.836259,651,20,Bajo,2024-02-23
Aforo 186,-35.031085,-58.029180,188,25,Crítico,2025-06-13
Aforo 187,-34.904457,-57.970363,486,54,Medio,2025-05-25
Aforo 188,-34.920299,-58.079041,1288,58,Bajo,2025-06-05
Aforo 189,-34.871083,-57.819143,518,49,Medio,2025-03-15
Aforo 190,-34.774716,-58.056381,1800,44,Medio,2025-04-17
Aforo 191,-34.957001,-57.845670,970,48,Medio,2025-10-10
Aforo 192,-35.018861,-57.823082,1162,60,Bajo,2025-08-19
Aforo 193,-34.842205,-57.841043,958,22,Medio,2026-02-19
Aforo 194,-35.011109,-58.075383,1765,18,Medio,2025-08-04
Aforo 195,-34.982765,-58.027299,662,47,Bajo,2026-03-19
Aforo 196,-35.003246,-57.981773,1649,28,Bajo,2025-09-13
Aforo 197,-34.928860,-57.969347,719,19,Medio,2026-03-07
Aforo 198,-34.915540,-57.939389,102,16,Bajo,2025-10-20
Aforo 199,-34.810716,-57.986312,120,17,Medio,2024-01-03
Aforo 200,-34.968710,-57.940750,1385,49,Bajo,2024-02-22
Aforo 201,-34.937470,-58.029132,1854,32,Crítico,2026-04-29
Aforo 202,-34.787027,-58.021908,1921,20,Crítico,2024-03-13
Aforo 203,-35.040274,-58.055137,1576,27,Bajo,2024-02-18
Aforo 204,-34.862961,-57.810147,815,21,Alto,2024-08-19
Aforo 205,-34.887183,-58.044295,1796,15,Crítico,2024-11-21
Aforo 206,-34.889126,-58.012562,1233,43,Bajo,2024-05-30
Aforo 207,-34.948637,-58.035109,830,26,Alto,2024-12-07
Aforo 208,-34.789217,-57.976769,546,50,Bajo,2025-02-09
Aforo 209,-35.033973,-58.055407,394,46,Bajo,2025-08-17
Aforo 210,-34.928592,-57.906173,1429,35,Crítico,2024-05-27
Aforo 211,-35.042947,-57.818773,699,38,Medio,2024-05-18
Aforo 212,-35.032982,-58.101375,1932,60,Crítico,2024-09-27
Aforo 213,-34.785746,-57.961422,681,51,Medio,2025-04-11
Aforo 214,-34.908533,-58.098237,55,39,Alto,2026-02-28
Aforo 215,-34.886030,-57.852365,1493,60,Medio,2025-02-22
Aforo 216,-34.791596,-58.055176,1644,44,Crítico,2024-07-16
Aforo 217,-34.836332,-57.977376,59,18,Bajo,2025-09-04
Aforo 218,-35.012375,-57.945142,640,24,Bajo,2024-11-26
Aforo 219,-34.967314,-57.816620,1496,60,Crítico,2026-01-29
Aforo 220,-34.969727,-57.854508,135,36,Crítico,2025-05-29
Aforo 221,-34.845236,-58.098839,255,27,Bajo,2025-08-24
Aforo 222,-34.964920,-57.868753,1010,34,Medio,2024-11-18
Aforo 223,-34.918268,-58.040356,100,32,Alto,2025-11-15
Aforo 224,-34.775968,-57.845387,478,49,Alto,2024-10-15
Aforo 225,-34.952737,-57.925920,505,45,Bajo,2024-10-05
Aforo 226,-34.918668,-57.981265,1591,35,Bajo,2024-09-01
Aforo 227,-34.916087,-58.024911,996,45,Medio,2024-01-05
Aforo 228,-34.807965,-57.853543,1511,36,Medio,2024-02-02
Aforo 229,-34.848660,-57.999339,415,45,Alto,2025-10-31
Aforo 230,-34.867587,-57.998990,765,49,Crítico,2026-04-29
Aforo 231,-34.889367,-57.863061,387,35,Crítico,2025-09-01
Aforo 232,-34.991637,-57.871603,351,54,Bajo,2024-10-25
Aforo 233,-34.863101,-58.067735,1104,16,Medio,2025-12-18
Aforo 234,-35.015116,-57.969256,824,19,Crítico,2024-05-20
Aforo 235,-34.835967,-58.062872,1200,32,Medio,2024-06-24
Aforo 236,-35.067798,-58.102329,1754,23,Alto,2025-12-21
Aforo 237,-34.861512,-58.090593,75,47,Alto,2024-12-12
Aforo 238,-34.919171,-57.807033,1176,26,Crítico,2025-07-27
Aforo 239,-34.889824,-57.873467,131,46,Medio,2025-04-21
Aforo 240,-34.922696,-57.911248,1352,34,Crítico,2026-03-27
Aforo 241,-35.008661,-57.843444,1677,32,Alto,2025-06-20
Aforo 242,-34.927941,-57.996735,1807,31,Alto,2025-11-19
Aforo 243,-35.012254,-57.937852,444,43,Bajo,2026-02-14
Aforo 244,-34.970082,-58.085671,1223,18,Medio,2024-04-24
Aforo 245,-35.008052,-57.829031,81,40,Crítico,2024-04-24
Aforo 246,-34.875644,-57.868258,480,48,Alto,2026-01-06
Aforo 247,-34.958037,-57.906149,1209,42,Medio,2025-07-11
Aforo 248,-34.800642,-58.035981,287,55,Crítico,2025-01-24
Aforo 249,-34.941774,-57.892120,709,55,Medio,2026-02-25
Aforo 250,-34.821640,-57.945364,1645,55,Alto,2024-02-05
Aforo 251,-34.924665,-57.883671,910,56,Medio,2026-01-25
Aforo 252,-35.057817,-57.863750,1384,60,Medio,2025-01-26
Aforo 253,-35.030283,-57.936846,1054,54,Crítico,2025-09-14
Aforo 254,-34.812200,-57.939494,1896,37,Alto,2024-12-20
Aforo 255,-34.909004,-57.845807,1323,15,Alto,2025-08-22
Aforo 256,-34.846200,-58.092149,58,15,Crítico,2024-02-13
Aforo 257,-34.961125,-57.956502,970,47,Bajo,2026-02-23
Aforo 258,-34.891389,-57.934833,1757,37,Medio,2026-03-31
Aforo 259,-35.049988,-57.922607,260,31,Crítico,2025-12-20
Aforo 260,-34.866166,-57.849512,1501,50,Crítico,2025-02-11
Aforo 261,-35.039610,-58.100377,575,35,Alto,2025-06-28
Aforo 262,-34.855345,-58.045323,1328,29,Alto,2025-09-16
Aforo 263,-34.798708,-57.852243,1820,50,Alto,2025-03-29
Aforo 264,-34.863418,-57.895498,600,55,Medio,2025-07-14
Aforo 265,-34.887542,-58.088425,1928,15,Bajo,2024-12-21
Aforo 266,-35.058386,-57.916264,771,42,Bajo,2025-01-17
Aforo 267,-35.011769,-57.833663,1862,21,Alto,2025-11-22
Aforo 268,-34.943638,-57.872767,1833,25,Crítico,2025-08-07
Aforo 269,-34.883359,-57.885125,1408,36,Crítico,2026-03-21
Aforo 270,-34.876804,-57.947335,438,37,Bajo,2025-08-30
Aforo 271,-34.950645,-57.911194,1441,49,Bajo,2025-07-20
Aforo 272,-34.801086,-58.021077,520,18,Medio,2024-02-28
Aforo 273,-34.864479,-58.064322,162,20,Crítico,2025-03-09
Aforo 274,-35.028217,-58.074056,1841,27,Crítico,2025-08-25
Aforo 275,-34.997560,-58.068157,601,32,Crítico,2025-11-20
Aforo 276,-35.014857,-58.021920,437,19,Crítico,2025-07-19
Aforo 277,-35.036163,-58.086735,1401,35,Medio,2025-10-07
Aforo 278,-34.872286,-58.071681,153,60,Crítico,2024-02-28
Aforo 279,-34.814485,-58.063325,1224,31,Bajo,2025-06-01
Aforo 280,-35.043976,-57.823512,1988,16,Alto,2025-03-24
Aforo 281,-34.879468,-58.091022,423,24,Bajo,2024-05-19
Aforo 282,-34.824344,-57.900172,1655,19,Crítico,2024-06-17
Aforo 283,-34.856042,-57.937792,917,55,Bajo,2025-05-25
Aforo 284,-35.007533,-57.816926,1711,18,Medio,2025-11-24
Aforo 285,-34.875953,-57.810475,1249,40,Alto,2024-09-06
Aforo 286,-34.971850,-58.022055,581,25,Medio,2025-08-30
Aforo 287,-34.825753,-58.023461,1659,28,Crítico,2024-09-08
Aforo 288,-34.883361,-58.042764,1157,44,Crítico,2026-04-25
Aforo 289,-34.977605,-57.942927,1102,51,Medio,2025-04-27
Aforo 290,-35.049814,-57.829440,118,16,Bajo,2025-01-03
Aforo 291,-35.051769,-57.862334,124,41,Bajo,2024-01-13
Aforo 292,-34.924414,-58.053391,984,47,Crítico,2024-03-03
Aforo 293,-35.053434,-57.915927,740,60,Bajo,2024-09-21
Aforo 294,-35.008499,-57.857353,1195,39,Bajo,2025-08-28
Aforo 295,-34.995924,-58.061832,1859,15,Medio,2025-09-07
Aforo 296,-35.059975,-57.916628,1080,44,Alto,2026-02-24
Aforo 297,-35.014140,-57.846353,1230,32,Medio,2025-06-29
Aforo 298,-34.917859,-57.920478,382,16,Alto,2025-06-08
Aforo 299,-34.917061,-58.051316,1511,18,Alto,2025-08-11
Aforo 300,-34.950591,-57.991280,1983,18,Bajo,2024-04-14
Aforo 301,-34.816984,-57.816835,1223,23,Crítico,2025-05-07
Aforo 302,-34.882463,-57.856000,1682,26,Bajo,2024-09-20
Aforo 303,-35.050858,-58.010734,384,52,Alto,2024-04-27
Aforo 304,-34.965469,-58.094539,138,57,Alto,2024-10-29
Aforo 305,-35.047946,-58.058811,203,20,Alto,2026-03-27
Aforo 306,-34.903315,-57.876197,1874,53,Medio,2025-02-23
Aforo 307,-35.051734,-57.865108,632,23,Medio,2025-11-06
Aforo 308,-34.963413,-57.837549,752,41,Alto,2024-11-20
Aforo 309,-35.058200,-58.023664,493,54,Alto,2026-01-05
Aforo 310,-34.914042,-58.087087,1568,30,Crítico,2024-09-17
Aforo 311,-34.863556,-58.002961,524,55,Medio,2025-03-09
Aforo 312,-34.800250,-57.991850,889,40,Medio,2024-09-06
Aforo 313,-35.050108,-58.050696,1496,21,Crítico,2025-05-12
Aforo 314,-34.933094,-58.025932,1717,51,Crítico,2026-04-18
Aforo 315,-34.852472,-57.855135,1036,23,Bajo,2026-03-17
Aforo 316,-34.868251,-57.833770,1514,36,Bajo,2025-05-26
Aforo 317,-34.853997,-58.027798,58,35,Medio,2025-11-27
Aforo 318,-35.034616,-57.997071,474,15,Crítico,2024-05-09
Aforo 319,-35.018463,-58.071194,385,35,Crítico,2025-11-13
Aforo 320,-35.043106,-57.911904,1184,19,Crítico,2024-02-16
Aforo 321,-34.820720,-57.808275,1206,27,Bajo,2025-10-04
Aforo 322,-34.848340,-57.820367,792,17,Crítico,2025-10-17
Aforo 323,-34.950834,-57.933509,1640,33,Bajo,2024-06-29
Aforo 324,-34.908384,-58.015119,1677,33,Alto,2024-02-27
Aforo 325,-34.971052,-58.103970,224,27,Crítico,2024-01-15
Aforo 326,-34.850381,-58.052737,1139,27,Bajo,2024-09-17
Aforo 327,-34.866719,-57.979057,513,44,Bajo,2025-05-22
Aforo 328,-35.065867,-57.999692,1331,29,Medio,2024-03-06
Aforo 329,-34.996244,-57.816389,171,39,Crítico,2025-11-13
Aforo 330,-35.030838,-57.896031,178,23,Bajo,2024-05-29
Aforo 331,-34.870752,-58.001883,752,37,Alto,2024-03-21
Aforo 332,-34.962296,-57.954925,824,51,Medio,2025-02-14
Aforo 333,-34.868551,-57.857233,484,58,Alto,2025-01-25
Aforo 334,-34.811742,-57.902947,57,52,Crítico,2024-12-04
Aforo 335,-34.812183,-58.023488,1299,26,Alto,2024-04-26
Aforo 336,-34.903936,-57.932759,904,21,Crítico,2024-03-02
Aforo 337,-34.957997,-58.084602,1331,36,Alto,2024-12-04
Aforo 338,-35.049357,-57.961853,848,44,Bajo,2026-02-04
Aforo 339,-34.873522,-57.948954,1307,31,Medio,2026-03-12
Aforo 340,-35.067038,-58.023328,228,49,Crítico,2024-04-17
Aforo 341,-34.913239,-57.814431,1564,15,Crítico,2024-10-02
Aforo 342,-34.817737,-57.874534,1738,24,Alto,2024-04-07
Aforo 343,-34.847529,-57.990488,594,24,Bajo,2026-04-25
Aforo 344,-34.979804,-57.968635,358,49,Medio,2025-08-16
Aforo 345,-34.967975,-58.027972,999,42,Crítico,2024-04-21
Aforo 346,-34.973005,-57.996778,1235,37,Alto,2025-11-21
Aforo 347,-34.854423,-57.983834,1586,32,Bajo,2024-01-03
Aforo 348,-34.835150,-58.084264,907,21,Alto,2024-04-01
Aforo 349,-34.930131,-58.016067,1920,53,Alto,2024-05-05
Aforo 350,-34.935810,-58.029942,1592,42,Alto,2024-10-29
Aforo 351,-34.820091,-57.977097,1760,18,Crítico,2025-12-03
Aforo 352,-34.836519,-57.976910,1246,31,Bajo,2024-12-19
Aforo 353,-34.825119,-57.972453,1489,60,Crítico,2024-12-08
Aforo 354,-34.815770,-57.966811,257,29,Alto,2026-01-31
Aforo 355,-34.816400,-58.003347,791,39,Bajo,2026-03-19
Aforo 356,-34.911304,-57.831197,1233,40,Crítico,2024-09-11
Aforo 357,-35.063844,-58.058442,1376,28,Bajo,2024-02-25
Aforo 358,-35.051644,-58.062476,1439,60,Alto,2025-09-25
Aforo 359,-34.837714,-57.899018,926,38,Crítico,2024-03-28
Aforo 360,-35.042493,-57.879134,639,54,Bajo,2024-09-04
Aforo 361,-35.028080,-57.888491,367,19,Medio,2024-05-22
Aforo 362,-34.955554,-58.013833,1836,32,Medio,2025-12-24
Aforo 363,-34.825037,-57.835291,341,17,Bajo,2024-08-07
Aforo 364,-34.852618,-58.092670,1339,30,Medio,2024-10-06
Aforo 365,-34.778918,-57.947510,865,39,Crítico,2025-06-27
Aforo 366,-35.009178,-57.900435,362,42,Bajo,2025-01-17
Aforo 367,-35.060400,-57.935091,1412,26,Bajo,2026-02-21
Aforo 368,-34.874519,-57.959354,874,23,Crítico,2025-02-07
Aforo 369,-34.814587,-57.849352,1868,18,Crítico,2025-10-12
Aforo 370,-34.794177,-57.818631,65,29,Bajo,2026-05-07
Aforo 371,-35.055032,-57.971138,629,17,Bajo,2024-09-23
Aforo 372,-34.933933,-57.855594,851,31,Bajo,2026-02-08
Aforo 373,-34.896504,-57.931239,821,33,Crítico,2024-04-01
Aforo 374,-34.883673,-58.062027,544,24,Medio,2024-02-08
Aforo 375,-34.966712,-57.918159,1743,45,Bajo,2024-01-29
Aforo 376,-35.062689,-57.980525,224,42,Bajo,2026-02-17
Aforo 377,-35.019193,-57.812769,1191,19,Bajo,2024-07-14
Aforo 378,-34.886763,-58.003242,727,26,Crítico,2025-05-03
Aforo 379,-34.904815,-58.029746,1151,57,Crítico,2025-06-01
Aforo 380,-34.980340,-57.902142,242,18,Alto,2025-12-15
Aforo 381,-34.911438,-57.806955,1161,51,Crítico,2026-04-23
Aforo 382,-34.774956,-58.053863,965,23,Bajo,2024-10-08
Aforo 383,-34.806291,-57.960495,652,52,Medio,2025-03-19
Aforo 384,-34.882711,-57.924749,1792,54,Alto,2026-05-04
Aforo 385,-35.003882,-58.023536,974,39,Crítico,2024-09-25
Aforo 386,-34.932661,-57.824524,166,52,Bajo,2024-05-23
Aforo 387,-34.871177,-57.806631,1488,17,Alto,2024-11-04
Aforo 388,-34.903838,-57.978422,835,45,Crítico,2024-05-02
Aforo 389,-34.828249,-58.103356,516,38,Medio,2024-03-24
Aforo 390,-34.806240,-57.948433,1649,48,Alto,2025-08-27
Aforo 391,-35.008399,-57.825832,765,17,Bajo,2024-01-25
Aforo 392,-34.869615,-57.923038,1658,17,Crítico,2024-07-25
Aforo 393,-34.940751,-58.005517,1865,51,Bajo,2025-02-26
Aforo 394,-34.913928,-57.976845,1247,36,Bajo,2024-05-17
Aforo 395,-34.832900,-57.958736,414,41,Crítico,2026-03-24
Aforo 396,-34.947634,-57.956963,1903,33,Crítico,2025-08-26
Aforo 397,-35.045434,-58.015383,1646,30,Alto,2024-04-15
Aforo 398,-34.794796,-57.999585,690,23,Crítico,2024-05-05
Aforo 399,-34.923492,-57.966641,1218,26,Bajo,2025-03-24
Aforo 400,-34.819548,-57.982415,837,53,Alto,2025-11-11
Aforo 401,-34.794751,-58.003944,563,26,Crítico,2024-03-23
Aforo 402,-34.987910,-57.925685,1371,50,Medio,2024-03-18
Aforo 403,-34.933822,-57.909729,460,34,Medio,2024-07-02
Aforo 404,-34.844213,-57.968279,536,25,Crítico,2025-10-30
Aforo 405,-34.846382,-57.929219,802,49,Alto,2024-02-03
Aforo 406,-34.965443,-57.896194,1646,22,Medio,2025-02-09
Aforo 407,-34.930752,-57.807223,995,39,Crítico,2025-08-23
Aforo 408,-34.797273,-57.832967,650,22,Alto,2025-06-29
Aforo 409,-34.936856,-57.977912,1793,52,Crítico,2026-05-04
Aforo 410,-34.873785,-58.059615,932,51,Bajo,2025-03-30
Aforo 411,-34.836848,-57.862873,1291,38,Bajo,2024-04-09
Aforo 412,-34.965448,-57.860949,1301,38,Alto,2025-11-10
Aforo 413,-35.017204,-58.016563,500,36,Crítico,2024-08-10
Aforo 414,-34.865882,-57.945361,1542,16,Bajo,2025-06-03
Aforo 415,-34.900323,-58.041117,819,37,Alto,2024-05-13
Aforo 416,-34.929890,-57.961892,1257,49,Bajo,2024-03-29
Aforo 417,-34.844054,-57.865622,599,35,Alto,2025-04-17
Aforo 418,-34.812354,-58.066257,797,53,Bajo,2025-07-06
Aforo 419,-34.946004,-57.859526,1003,54,Medio,2024-11-12
Aforo 420,-34.796910,-58.010806,1485,16,Crítico,2024-04-03
Aforo 421,-34.886884,-57.924321,262,38,Alto,2026-01-31
Aforo 422,-34.787282,-58.065672,1001,35,Crítico,2024-03-12
Aforo 423,-34.874805,-57.880842,1600,51,Bajo,2026-04-18
Aforo 424,-34.976491,-57.827060,800,49,Alto,2024-02-19
Aforo 425,-34.951576,-57.882829,857,28,Medio,2025-08-01
Aforo 426,-34.873682,-57.929671,1844,30,Alto,2026-01-13
Aforo 427,-34.835251,-57.979384,527,43,Bajo,2025-09-05
Aforo 428,-35.040113,-58.021725,1940,21,Alto,2024-07-04
Aforo 429,-34.803964,-57.871619,1740,17,Bajo,2025-02-12
Aforo 430,-34.921896,-58.028310,489,19,Medio,2024-11-11
Aforo 431,-34.922594,-57.918962,1906,57,Crítico,2025-10-09
Aforo 432,-35.025415,-58.092660,1119,54,Medio,2024-09-25
Aforo 433,-34.807540,-57.829886,375,33,Alto,2024-03-29
Aforo 434,-34.772775,-57.902341,313,20,Crítico,2024-01-08
Aforo 435,-35.047675,-57.967617,1530,26,Bajo,2026-03-20
Aforo 436,-34.772529,-57.979736,1469,15,Medio,2024-07-14
Aforo 437,-34.955168,-58.043627,131,23,Bajo,2024-08-09
Aforo 438,-34.926616,-58.030607,1539,59,Bajo,2025-03-07
Aforo 439,-34.865627,-57.839290,1620,49,Bajo,2025-07-06
Aforo 440,-35.032505,-57.820352,1882,16,Crítico,2025-06-26
Aforo 441,-34.837581,-58.096365,1015,37,Medio,2024-11-25
Aforo 442,-34.971522,-57.885626,1197,39,Bajo,2025-02-04
Aforo 443,-34.935385,-57.905412,1286,16,Bajo,2025-01-31
Aforo 444,-34.831907,-57.988215,380,40,Crítico,2024-01-05
Aforo 445,-35.054191,-58.060163,415,31,Bajo,2026-03-14
Aforo 446,-34.879004,-57.869671,1650,20,Bajo,2026-01-08
Aforo 447,-34.884777,-57.837768,561,41,Medio,2025-09-24
Aforo 448,-34.943790,-58.013397,538,31,Bajo,2025-02-21
Aforo 449,-34.972158,-57.854746,1235,29,Medio,2024-01-10
Aforo 450,-34.955820,-57.905547,270,35,Alto,2024-05-30
Aforo 451,-35.031785,-58.031099,234,51,Crítico,2025-01-02
Aforo 452,-34.800713,-58.025352,945,60,Alto,2025-01-03
Aforo 453,-35.038330,-57.986793,1268,27,Alto,2024-08-16
Aforo 454,-34.944831,-58.036694,522,41,Alto,2025-04-08
Aforo 455,-35.026248,-57.921712,524,42,Crítico,2026-03-17
Aforo 456,-35.023525,-58.092770,1686,17,Bajo,2024-06-27
Aforo 457,-34.920789,-57.811798,1767,54,Crítico,2025-12-30
Aforo 458,-34.952577,-58.094467,891,53,Alto,2024-09-25
Aforo 459,-34.843114,-57.842175,1785,34,Crítico,2024-05-21
Aforo 460,-34.978788,-57.994666,523,47,Crítico,2025-09-25
Aforo 461,-35.055443,-57.963392,1438,21,Crítico,2024-04-05
Aforo 462,-34.983633,-57.980210,1668,26,Medio,2024-01-20
Aforo 463,-34.773983,-57.833942,67,47,Bajo,2025-08-14
Aforo 464,-34.799177,-58.062549,1488,47,Medio,2025-05-29
Aforo 465,-34.948146,-58.004840,546,44,Medio,2024-05-19
Aforo 466,-34.993769,-57.971443,463,25,Alto,2024-10-24
Aforo 467,-34.904486,-58.071217,1993,47,Medio,2025-05-22
Aforo 468,-34.977335,-57.953077,1598,42,Bajo,2025-06-28
Aforo 469,-34.892484,-58.038683,1886,45,Medio,2024-09-30
Aforo 470,-35.058112,-57.807294,407,39,Medio,2024-02-06
Aforo 471,-34.772189,-57.946375,1900,58,Crítico,2025-02-17
Aforo 472,-34.941991,-58.096388,1613,39,Medio,2024-05-18
Aforo 473,-34.876027,-58.075569,555,43,Alto,2024-10-22
Aforo 474,-34.975914,-58.006167,998,20,Crítico,2025-09-27
Aforo 475,-34.818331,-57.870807,865,44,Bajo,2025-09-17
Aforo 476,-34.959975,-57.845472,66,24,Medio,2025-11-23
Aforo 477,-34.921510,-58.019304,302,60,Alto,2025-08-21
Aforo 478,-35.063919,-58.078120,540,27,Medio,2025-02-12
Aforo 479,-34.788343,-58.018735,1350,44,Crítico,2024-04-17
Aforo 480,-34.925612,-57.983690,1993,59,Crítico,2024-04-12
Aforo 481,-34.889844,-57.916454,76,33,Medio,2024-07-26
Aforo 482,-34.994423,-58.084860,198,59,Alto,2024-04-13
Aforo 483,-34.830308,-58.007059,1834,22,Bajo,2025-02-18
Aforo 484,-34.965549,-57.921678,123,46,Crítico,2024-07-09
Aforo 485,-34.850099,-57.905626,1728,28,Bajo,2024-04-02
Aforo 486,-35.068701,-57.975558,1059,15,Medio,2024-04-18
Aforo 487,-34.772282,-57.963202,1009,23,Alto,2025-10-29
Aforo 488,-35.068470,-57.822694,1940,45,Crítico,2025-04-26
Aforo 489,-35.050641,-58.032745,268,41,Crítico,2025-12-07
Aforo 490,-35.004193,-57.825704,805,56,Bajo,2025-08-19
Aforo 491,-35.050794,-58.015680,720,17,Medio,2024-02-06
Aforo 492,-34.812192,-57.856517,1777,15,Alto,2025-03-19
Aforo 493,-34.791849,-57.842015,1185,21,Medio,2026-01-03
Aforo 494,-34.887704,-57.867343,810,54,Crítico,2025-05-06
Aforo 495,-34.829823,-57.855887,359,58,Bajo,2025-07-28
Aforo 496,-34.807813,-57.976158,1759,21,Bajo,2024-09-14
Aforo 497,-34.842541,-57.865635,1433,58,Crítico,2025-11-03
Aforo 498,-34.875099,-57.936919,1285,45,Medio,2025-03-31
Aforo 499,-35.070981,-57.968942,1973,56,Crítico,2024-10-16
Aforo 500,-35.045978,-58.104708,1587,26,Bajo,2025-06-15
